-- phpMyAdmin SQL Dump
-- version 3.4.8-rc1
-- http://www.phpmyadmin.net
--
-- Host: localhost
-- Generation Time: Jan 28, 2012 at 09:33 AM
-- Server version: 5.1.51
-- PHP Version: 5.3.8

SET SQL_MODE="NO_AUTO_VALUE_ON_ZERO";
SET time_zone = "+00:00";


/*!40101 SET @OLD_CHARACTER_SET_CLIENT=@@CHARACTER_SET_CLIENT */;
/*!40101 SET @OLD_CHARACTER_SET_RESULTS=@@CHARACTER_SET_RESULTS */;
/*!40101 SET @OLD_COLLATION_CONNECTION=@@COLLATION_CONNECTION */;
/*!40101 SET NAMES utf8 */;

--
-- Database: `fluxbb-test`
--

-- --------------------------------------------------------

--
-- Table structure for table `flux_bans`
--

CREATE TABLE IF NOT EXISTS `flux_bans` (
  `id` int(10) unsigned NOT NULL AUTO_INCREMENT,
  `username` varchar(200) DEFAULT NULL,
  `ip` varchar(255) DEFAULT NULL,
  `email` varchar(80) DEFAULT NULL,
  `message` varchar(255) DEFAULT NULL,
  `expire` int(10) unsigned DEFAULT NULL,
  `ban_creator` int(10) unsigned NOT NULL DEFAULT '0',
  PRIMARY KEY (`id`),
  KEY `flux_bans_username_idx` (`username`(25))
) ENGINE=MyISAM DEFAULT CHARSET=utf8 AUTO_INCREMENT=1 ;

-- --------------------------------------------------------

--
-- Table structure for table `flux_categories`
--

CREATE TABLE IF NOT EXISTS `flux_categories` (
  `id` int(10) unsigned NOT NULL AUTO_INCREMENT,
  `cat_name` varchar(80) NOT NULL DEFAULT 'New Category',
  `disp_position` int(10) NOT NULL DEFAULT '0',
  PRIMARY KEY (`id`)
) ENGINE=MyISAM  DEFAULT CHARSET=utf8 AUTO_INCREMENT=3 ;

--
-- Dumping data for table `flux_categories`
--

INSERT INTO `flux_categories` (`id`, `cat_name`, `disp_position`) VALUES
(1, 'General Category', 0),
(2, 'Test category', 1);

-- --------------------------------------------------------

--
-- Table structure for table `flux_censoring`
--

CREATE TABLE IF NOT EXISTS `flux_censoring` (
  `id` int(10) unsigned NOT NULL AUTO_INCREMENT,
  `search_for` varchar(60) NOT NULL DEFAULT '',
  `replace_with` varchar(60) NOT NULL DEFAULT '',
  PRIMARY KEY (`id`)
) ENGINE=MyISAM  DEFAULT CHARSET=utf8 AUTO_INCREMENT=2 ;

--
-- Dumping data for table `flux_censoring`
--

INSERT INTO `flux_censoring` (`id`, `search_for`, `replace_with`) VALUES
(1, '', '');

-- --------------------------------------------------------

--
-- Table structure for table `flux_config`
--

CREATE TABLE IF NOT EXISTS `flux_config` (
  `conf_name` varchar(255) NOT NULL DEFAULT '',
  `conf_value` text,
  PRIMARY KEY (`conf_name`)
) ENGINE=MyISAM DEFAULT CHARSET=utf8;

--
-- Dumping data for table `flux_config`
--

INSERT INTO `flux_config` (`conf_name`, `conf_value`) VALUES
('o_cur_version', '1.4.8'),
('o_database_revision', '15'),
('o_searchindex_revision', '2'),
('o_parser_revision', '2'),
('o_board_title', 'My FluxBB Forum'),
('o_board_desc', '<p><span>Unfortunately no one can be told what FluxBB is - you have to see it for yourself.</span></p>'),
('o_default_timezone', '0'),
('o_time_format', 'H:i:s'),
('o_date_format', 'Y-m-d'),
('o_timeout_visit', '1800'),
('o_timeout_online', '300'),
('o_redirect_delay', '1'),
('o_show_version', '0'),
('o_show_user_info', '1'),
('o_show_post_count', '1'),
('o_signatures', '1'),
('o_smilies', '1'),
('o_smilies_sig', '1'),
('o_make_links', '1'),
('o_default_lang', 'English'),
('o_default_style', 'Air'),
('o_default_user_group', '4'),
('o_topic_review', '15'),
('o_disp_topics_default', '30'),
('o_disp_posts_default', '25'),
('o_indent_num_spaces', '4'),
('o_quote_depth', '3'),
('o_quickpost', '1'),
('o_users_online', '1'),
('o_censoring', '0'),
('o_ranks', '1'),
('o_show_dot', '0'),
('o_topic_views', '1'),
('o_quickjump', '1'),
('o_gzip', '0'),
('o_additional_navlinks', ''),
('o_report_method', '0'),
('o_regs_report', '0'),
('o_default_email_setting', '1'),
('o_mailing_list', 'test@example.com'),
('o_avatars', '1'),
('o_avatars_dir', 'img/avatars'),
('o_avatars_width', '60'),
('o_avatars_height', '60'),
('o_avatars_size', '10240'),
('o_search_all_forums', '1'),
('o_base_url', 'http://localhost/fluxbb/'),
('o_admin_email', 'test@example.com'),
('o_webmaster_email', 'test@example.com'),
('o_forum_subscriptions', '1'),
('o_topic_subscriptions', '1'),
('o_smtp_host', NULL),
('o_smtp_user', NULL),
('o_smtp_pass', NULL),
('o_smtp_ssl', '0'),
('o_regs_allow', '1'),
('o_regs_verify', '0'),
('o_announcement', '0'),
('o_announcement_message', 'Enter your announcement here.'),
('o_rules', '0'),
('o_rules_message', 'Enter your rules here'),
('o_maintenance', '0'),
('o_maintenance_message', 'The forums are temporarily down for maintenance. Please try again in a few minutes.'),
('o_default_dst', '0'),
('o_feed_type', '2'),
('o_feed_ttl', '0'),
('p_message_bbcode', '1'),
('p_message_img_tag', '1'),
('p_message_all_caps', '1'),
('p_subject_all_caps', '1'),
('p_sig_all_caps', '1'),
('p_sig_bbcode', '1'),
('p_sig_img_tag', '0'),
('p_sig_length', '400'),
('p_sig_lines', '4'),
('p_allow_banned_email', '1'),
('p_allow_dupe_email', '0'),
('p_force_guest_email', '1');

-- --------------------------------------------------------

--
-- Table structure for table `flux_forums`
--

CREATE TABLE IF NOT EXISTS `flux_forums` (
  `id` int(10) unsigned NOT NULL AUTO_INCREMENT,
  `forum_name` varchar(80) NOT NULL DEFAULT 'New forum',
  `forum_desc` text,
  `redirect_url` varchar(100) DEFAULT NULL,
  `moderators` text,
  `num_topics` mediumint(8) unsigned NOT NULL DEFAULT '0',
  `num_posts` mediumint(8) unsigned NOT NULL DEFAULT '0',
  `last_post` int(10) unsigned DEFAULT NULL,
  `last_post_id` int(10) unsigned DEFAULT NULL,
  `last_poster` varchar(200) DEFAULT NULL,
  `sort_by` tinyint(1) NOT NULL DEFAULT '0',
  `disp_position` int(10) NOT NULL DEFAULT '0',
  `cat_id` int(10) unsigned NOT NULL DEFAULT '0',
  PRIMARY KEY (`id`)
) ENGINE=MyISAM  DEFAULT CHARSET=utf8 AUTO_INCREMENT=3 ;

--
-- Dumping data for table `flux_forums`
--

INSERT INTO `flux_forums` (`id`, `forum_name`, `forum_desc`, `redirect_url`, `moderators`, `num_topics`, `num_posts`, `last_post`, `last_post_id`, `last_poster`, `sort_by`, `disp_position`, `cat_id`) VALUES
(1, 'General Discussion', 'Feel free to talk about anything and everything in this board.', NULL, NULL, 1, 1, 1171637616, 1, 'Simple Machines', 0, 1, 1),
(2, 'Test forum', 'This is just a test forum', NULL, NULL, 1, 1, 1327739507, 1, 'admin', 0, 1, 1);

-- --------------------------------------------------------

--
-- Table structure for table `flux_forum_perms`
--

CREATE TABLE IF NOT EXISTS `flux_forum_perms` (
  `group_id` int(10) NOT NULL DEFAULT '0',
  `forum_id` int(10) NOT NULL DEFAULT '0',
  `read_forum` tinyint(1) NOT NULL DEFAULT '1',
  `post_replies` tinyint(1) NOT NULL DEFAULT '1',
  `post_topics` tinyint(1) NOT NULL DEFAULT '1',
  PRIMARY KEY (`group_id`,`forum_id`)
) ENGINE=MyISAM DEFAULT CHARSET=utf8;

-- --------------------------------------------------------

--
-- Table structure for table `flux_forum_subscriptions`
--

CREATE TABLE IF NOT EXISTS `flux_forum_subscriptions` (
  `user_id` int(10) unsigned NOT NULL DEFAULT '0',
  `forum_id` int(10) unsigned NOT NULL DEFAULT '0',
  PRIMARY KEY (`user_id`,`forum_id`)
) ENGINE=MyISAM DEFAULT CHARSET=utf8;

-- --------------------------------------------------------

--
-- Table structure for table `flux_groups`
--

CREATE TABLE IF NOT EXISTS `flux_groups` (
  `g_id` int(10) unsigned NOT NULL AUTO_INCREMENT,
  `g_title` varchar(50) NOT NULL DEFAULT '',
  `g_user_title` varchar(50) DEFAULT NULL,
  `g_moderator` tinyint(1) NOT NULL DEFAULT '0',
  `g_mod_edit_users` tinyint(1) NOT NULL DEFAULT '0',
  `g_mod_rename_users` tinyint(1) NOT NULL DEFAULT '0',
  `g_mod_change_passwords` tinyint(1) NOT NULL DEFAULT '0',
  `g_mod_ban_users` tinyint(1) NOT NULL DEFAULT '0',
  `g_read_board` tinyint(1) NOT NULL DEFAULT '1',
  `g_view_users` tinyint(1) NOT NULL DEFAULT '1',
  `g_post_replies` tinyint(1) NOT NULL DEFAULT '1',
  `g_post_topics` tinyint(1) NOT NULL DEFAULT '1',
  `g_edit_posts` tinyint(1) NOT NULL DEFAULT '1',
  `g_delete_posts` tinyint(1) NOT NULL DEFAULT '1',
  `g_delete_topics` tinyint(1) NOT NULL DEFAULT '1',
  `g_set_title` tinyint(1) NOT NULL DEFAULT '1',
  `g_search` tinyint(1) NOT NULL DEFAULT '1',
  `g_search_users` tinyint(1) NOT NULL DEFAULT '1',
  `g_send_email` tinyint(1) NOT NULL DEFAULT '1',
  `g_post_flood` smallint(6) NOT NULL DEFAULT '30',
  `g_search_flood` smallint(6) NOT NULL DEFAULT '30',
  `g_email_flood` smallint(6) NOT NULL DEFAULT '60',
  `g_report_flood` smallint(6) NOT NULL DEFAULT '60',
  PRIMARY KEY (`g_id`)
) ENGINE=MyISAM  DEFAULT CHARSET=utf8 AUTO_INCREMENT=5 ;

--
-- Dumping data for table `flux_groups`
--

INSERT INTO `flux_groups` (`g_id`, `g_title`, `g_user_title`, `g_moderator`, `g_mod_edit_users`, `g_mod_rename_users`, `g_mod_change_passwords`, `g_mod_ban_users`, `g_read_board`, `g_view_users`, `g_post_replies`, `g_post_topics`, `g_edit_posts`, `g_delete_posts`, `g_delete_topics`, `g_set_title`, `g_search`, `g_search_users`, `g_send_email`, `g_post_flood`, `g_search_flood`, `g_email_flood`, `g_report_flood`) VALUES
(1, 'Administrators', 'Administrator', 0, 0, 0, 0, 0, 1, 1, 1, 1, 1, 1, 1, 1, 1, 1, 1, 0, 0, 0, 0),
(2, 'Moderators', 'Moderator', 1, 1, 1, 1, 1, 1, 1, 1, 1, 1, 1, 1, 1, 1, 1, 1, 0, 0, 0, 0),
(3, 'Guests', NULL, 0, 0, 0, 0, 0, 1, 1, 0, 0, 0, 0, 0, 0, 1, 1, 0, 60, 30, 0, 0),
(4, 'Members', NULL, 0, 0, 0, 0, 0, 1, 1, 1, 1, 1, 1, 1, 0, 1, 1, 1, 60, 30, 60, 60);

-- --------------------------------------------------------

--
-- Table structure for table `flux_online`
--

CREATE TABLE IF NOT EXISTS `flux_online` (
  `user_id` int(10) unsigned NOT NULL DEFAULT '1',
  `ident` varchar(200) NOT NULL DEFAULT '',
  `logged` int(10) unsigned NOT NULL DEFAULT '0',
  `idle` tinyint(1) NOT NULL DEFAULT '0',
  `last_post` int(10) unsigned DEFAULT NULL,
  `last_search` int(10) unsigned DEFAULT NULL,
  UNIQUE KEY `flux_online_user_id_ident_idx` (`user_id`,`ident`(25)),
  KEY `flux_online_ident_idx` (`ident`(25)),
  KEY `flux_online_logged_idx` (`logged`)
) ENGINE=MyISAM DEFAULT CHARSET=utf8;

-- --------------------------------------------------------

--
-- Table structure for table `flux_posts`
--

CREATE TABLE IF NOT EXISTS `flux_posts` (
  `id` int(10) unsigned NOT NULL AUTO_INCREMENT,
  `poster` varchar(200) NOT NULL DEFAULT '',
  `poster_id` int(10) unsigned NOT NULL DEFAULT '1',
  `poster_ip` varchar(39) DEFAULT NULL,
  `poster_email` varchar(80) DEFAULT NULL,
  `message` mediumtext,
  `hide_smilies` tinyint(1) NOT NULL DEFAULT '0',
  `posted` int(10) unsigned NOT NULL DEFAULT '0',
  `edited` int(10) unsigned DEFAULT NULL,
  `edited_by` varchar(200) DEFAULT NULL,
  `topic_id` int(10) unsigned NOT NULL DEFAULT '0',
  PRIMARY KEY (`id`),
  KEY `flux_posts_topic_id_idx` (`topic_id`),
  KEY `flux_posts_multi_idx` (`poster_id`,`topic_id`)
) ENGINE=MyISAM  DEFAULT CHARSET=utf8 AUTO_INCREMENT=3 ;

--
-- Dumping data for table `flux_posts`
--

INSERT INTO `flux_posts` (`id`, `poster`, `poster_id`, `poster_ip`, `poster_email`, `message`, `hide_smilies`, `posted`, `edited`, `edited_by`, `topic_id`) VALUES
(1, 'Simple Machines', 0, '127.0.0.1', 'info@simplemachines.org', 'Welcome to Simple Machines Forum!<br /><br />We hope you enjoy using your forum.&nbsp; If you have any problems, please feel free to [url=http://www.simplemachines.org/community/index.php]ask us for assistance[/url].<br /><br />Thanks!<br />Simple Machines', 0, 1171637616, NULL, NULL, 1),
(2, 'admin', 2, '127.0.0.1', NULL, 'If you are looking at this (which I guess you are), the install of FluxBB appears to have worked! Now log in and head over to the administration control panel to configure your forum.', 0, 1327739507, NULL, NULL, 1);

-- --------------------------------------------------------

--
-- Table structure for table `flux_ranks`
--

CREATE TABLE IF NOT EXISTS `flux_ranks` (
  `id` int(10) unsigned NOT NULL AUTO_INCREMENT,
  `rank` varchar(50) NOT NULL DEFAULT '',
  `min_posts` mediumint(8) unsigned NOT NULL DEFAULT '0',
  PRIMARY KEY (`id`)
) ENGINE=MyISAM  DEFAULT CHARSET=utf8 AUTO_INCREMENT=11 ;

--
-- Dumping data for table `flux_ranks`
--

INSERT INTO `flux_ranks` (`id`, `rank`, `min_posts`) VALUES
(4, 'Newbie', 0),
(5, 'Jr. Member', 50),
(6, 'Full Member', 100),
(7, 'Sr. Member', 250),
(8, 'Hero Member', 500),
(9, 'New member', 0),
(10, 'Member', 10);

-- --------------------------------------------------------

--
-- Table structure for table `flux_reports`
--

CREATE TABLE IF NOT EXISTS `flux_reports` (
  `id` int(10) unsigned NOT NULL AUTO_INCREMENT,
  `post_id` int(10) unsigned NOT NULL DEFAULT '0',
  `topic_id` int(10) unsigned NOT NULL DEFAULT '0',
  `forum_id` int(10) unsigned NOT NULL DEFAULT '0',
  `reported_by` int(10) unsigned NOT NULL DEFAULT '0',
  `created` int(10) unsigned NOT NULL DEFAULT '0',
  `message` text,
  `zapped` int(10) unsigned DEFAULT NULL,
  `zapped_by` int(10) unsigned DEFAULT NULL,
  PRIMARY KEY (`id`),
  KEY `flux_reports_zapped_idx` (`zapped`)
) ENGINE=MyISAM DEFAULT CHARSET=utf8 AUTO_INCREMENT=1 ;

-- --------------------------------------------------------

--
-- Table structure for table `flux_search_cache`
--

CREATE TABLE IF NOT EXISTS `flux_search_cache` (
  `id` int(10) unsigned NOT NULL DEFAULT '0',
  `ident` varchar(200) NOT NULL DEFAULT '',
  `search_data` mediumtext,
  PRIMARY KEY (`id`),
  KEY `flux_search_cache_ident_idx` (`ident`(8))
) ENGINE=MyISAM DEFAULT CHARSET=utf8;

-- --------------------------------------------------------

--
-- Table structure for table `flux_search_matches`
--

CREATE TABLE IF NOT EXISTS `flux_search_matches` (
  `post_id` int(10) unsigned NOT NULL DEFAULT '0',
  `word_id` int(10) unsigned NOT NULL DEFAULT '0',
  `subject_match` tinyint(1) NOT NULL DEFAULT '0',
  KEY `flux_search_matches_word_id_idx` (`word_id`),
  KEY `flux_search_matches_post_id_idx` (`post_id`)
) ENGINE=MyISAM DEFAULT CHARSET=utf8;

--
-- Dumping data for table `flux_search_matches`
--

INSERT INTO `flux_search_matches` (`post_id`, `word_id`, `subject_match`) VALUES
(1, 1, 0),
(1, 2, 0),
(1, 3, 0),
(1, 4, 0),
(1, 5, 0),
(1, 6, 0),
(1, 7, 0),
(1, 8, 0),
(1, 9, 0),
(1, 10, 0),
(1, 11, 0),
(1, 12, 0),
(1, 13, 0),
(1, 14, 1),
(1, 15, 1);

-- --------------------------------------------------------

--
-- Table structure for table `flux_search_words`
--

CREATE TABLE IF NOT EXISTS `flux_search_words` (
  `id` int(10) unsigned NOT NULL AUTO_INCREMENT,
  `word` varchar(20) CHARACTER SET utf8 COLLATE utf8_bin NOT NULL DEFAULT '',
  PRIMARY KEY (`word`),
  KEY `flux_search_words_id_idx` (`id`)
) ENGINE=MyISAM  DEFAULT CHARSET=utf8 AUTO_INCREMENT=16 ;

--
-- Dumping data for table `flux_search_words`
--

INSERT INTO `flux_search_words` (`id`, `word`) VALUES
(1, 'looking'),
(2, 'guess'),
(3, 'install'),
(4, 'fluxbb'),
(5, 'appears'),
(6, 'worked'),
(7, 'log'),
(8, 'head'),
(9, 'administration'),
(10, 'control'),
(11, 'panel'),
(12, 'configure'),
(13, 'forum'),
(14, 'test'),
(15, 'topic');

-- --------------------------------------------------------

--
-- Table structure for table `flux_topics`
--

CREATE TABLE IF NOT EXISTS `flux_topics` (
  `id` int(10) unsigned NOT NULL AUTO_INCREMENT,
  `poster` varchar(200) NOT NULL DEFAULT '',
  `subject` varchar(255) NOT NULL DEFAULT '',
  `posted` int(10) unsigned NOT NULL DEFAULT '0',
  `first_post_id` int(10) unsigned NOT NULL DEFAULT '0',
  `last_post` int(10) unsigned NOT NULL DEFAULT '0',
  `last_post_id` int(10) unsigned NOT NULL DEFAULT '0',
  `last_poster` varchar(200) DEFAULT NULL,
  `num_views` mediumint(8) unsigned NOT NULL DEFAULT '0',
  `num_replies` mediumint(8) unsigned NOT NULL DEFAULT '0',
  `closed` tinyint(1) NOT NULL DEFAULT '0',
  `sticky` tinyint(1) NOT NULL DEFAULT '0',
  `moved_to` int(10) unsigned DEFAULT NULL,
  `forum_id` int(10) unsigned NOT NULL DEFAULT '0',
  PRIMARY KEY (`id`),
  KEY `flux_topics_forum_id_idx` (`forum_id`),
  KEY `flux_topics_moved_to_idx` (`moved_to`),
  KEY `flux_topics_last_post_idx` (`last_post`),
  KEY `flux_topics_first_post_id_idx` (`first_post_id`)
) ENGINE=MyISAM  DEFAULT CHARSET=utf8 AUTO_INCREMENT=2 ;

--
-- Dumping data for table `flux_topics`
--

INSERT INTO `flux_topics` (`id`, `poster`, `subject`, `posted`, `first_post_id`, `last_post`, `last_post_id`, `last_poster`, `num_views`, `num_replies`, `closed`, `sticky`, `moved_to`, `forum_id`) VALUES
(1, 'admin', 'Test topic', 1327739507, 1, 1327739507, 1, 'admin', 0, 0, 0, 0, NULL, 1);

-- --------------------------------------------------------

--
-- Table structure for table `flux_topic_subscriptions`
--

CREATE TABLE IF NOT EXISTS `flux_topic_subscriptions` (
  `user_id` int(10) unsigned NOT NULL DEFAULT '0',
  `topic_id` int(10) unsigned NOT NULL DEFAULT '0',
  PRIMARY KEY (`user_id`,`topic_id`)
) ENGINE=MyISAM DEFAULT CHARSET=utf8;

-- --------------------------------------------------------

--
-- Table structure for table `flux_users`
--

CREATE TABLE IF NOT EXISTS `flux_users` (
  `id` int(10) unsigned NOT NULL AUTO_INCREMENT,
  `group_id` int(10) unsigned NOT NULL DEFAULT '3',
  `username` varchar(200) NOT NULL DEFAULT '',
  `password` varchar(40) NOT NULL DEFAULT '',
  `email` varchar(80) NOT NULL DEFAULT '',
  `title` varchar(50) DEFAULT NULL,
  `realname` varchar(40) DEFAULT NULL,
  `url` varchar(100) DEFAULT NULL,
  `jabber` varchar(80) DEFAULT NULL,
  `icq` varchar(12) DEFAULT NULL,
  `msn` varchar(80) DEFAULT NULL,
  `aim` varchar(30) DEFAULT NULL,
  `yahoo` varchar(30) DEFAULT NULL,
  `location` varchar(30) DEFAULT NULL,
  `signature` text,
  `disp_topics` tinyint(3) unsigned DEFAULT NULL,
  `disp_posts` tinyint(3) unsigned DEFAULT NULL,
  `email_setting` tinyint(1) NOT NULL DEFAULT '1',
  `notify_with_post` tinyint(1) NOT NULL DEFAULT '0',
  `auto_notify` tinyint(1) NOT NULL DEFAULT '0',
  `show_smilies` tinyint(1) NOT NULL DEFAULT '1',
  `show_img` tinyint(1) NOT NULL DEFAULT '1',
  `show_img_sig` tinyint(1) NOT NULL DEFAULT '1',
  `show_avatars` tinyint(1) NOT NULL DEFAULT '1',
  `show_sig` tinyint(1) NOT NULL DEFAULT '1',
  `timezone` float NOT NULL DEFAULT '0',
  `dst` tinyint(1) NOT NULL DEFAULT '0',
  `time_format` tinyint(1) NOT NULL DEFAULT '0',
  `date_format` tinyint(1) NOT NULL DEFAULT '0',
  `language` varchar(25) NOT NULL DEFAULT 'English',
  `style` varchar(25) NOT NULL DEFAULT 'Air',
  `num_posts` int(10) unsigned NOT NULL DEFAULT '0',
  `last_post` int(10) unsigned DEFAULT NULL,
  `last_search` int(10) unsigned DEFAULT NULL,
  `last_email_sent` int(10) unsigned DEFAULT NULL,
  `last_report_sent` int(10) unsigned DEFAULT NULL,
  `registered` int(10) unsigned NOT NULL DEFAULT '0',
  `registration_ip` varchar(39) NOT NULL DEFAULT '0.0.0.0',
  `last_visit` int(10) unsigned NOT NULL DEFAULT '0',
  `admin_note` varchar(30) DEFAULT NULL,
  `activate_string` varchar(80) DEFAULT NULL,
  `activate_key` varchar(8) DEFAULT NULL,
  PRIMARY KEY (`id`),
  UNIQUE KEY `flux_users_username_idx` (`username`(25)),
  KEY `flux_users_registered_idx` (`registered`)
) ENGINE=MyISAM  DEFAULT CHARSET=utf8 AUTO_INCREMENT=3 ;

--
-- Dumping data for table `flux_users`
--

INSERT INTO `flux_users` (`id`, `group_id`, `username`, `password`, `email`, `title`, `realname`, `url`, `jabber`, `icq`, `msn`, `aim`, `yahoo`, `location`, `signature`, `disp_topics`, `disp_posts`, `email_setting`, `notify_with_post`, `auto_notify`, `show_smilies`, `show_img`, `show_img_sig`, `show_avatars`, `show_sig`, `timezone`, `dst`, `time_format`, `date_format`, `language`, `style`, `num_posts`, `last_post`, `last_search`, `last_email_sent`, `last_report_sent`, `registered`, `registration_ip`, `last_visit`, `admin_note`, `activate_string`, `activate_key`) VALUES
(1, 3, 'Guest', 'Guest', 'Guest', NULL, NULL, NULL, NULL, NULL, NULL, NULL, NULL, NULL, NULL, NULL, NULL, 1, 0, 0, 1, 1, 1, 1, 1, 0, 0, 0, 0, 'English', 'Air', 0, NULL, NULL, NULL, NULL, 0, '0.0.0.0', 0, NULL, NULL, NULL),
(2, 1, 'admin', '7c4a8d09ca3762af61e59520943dc26494f8941b', 'test@example.com', NULL, NULL, NULL, NULL, NULL, NULL, NULL, NULL, NULL, NULL, NULL, NULL, 1, 0, 0, 1, 1, 1, 1, 1, 0, 0, 0, 0, 'English', 'Air', 1, 1327739507, NULL, NULL, NULL, 1327739507, '127.0.0.1', 1327739507, NULL, NULL, NULL);

/*!40101 SET CHARACTER_SET_CLIENT=@OLD_CHARACTER_SET_CLIENT */;
/*!40101 SET CHARACTER_SET_RESULTS=@OLD_CHARACTER_SET_RESULTS */;
/*!40101 SET COLLATION_CONNECTION=@OLD_COLLATION_CONNECTION */;
